"player_id","squad_id","player","position"
182347,43899,"Atiba Hutchinson","3"
190962,43924,"Dani Alves","2"
197419,43976,"Danny Vukovic","1"
198117,43819,"Eiji Kawashima","1"
199175,43901,"Keylor Navas","1"
200199,43963,"João Moutinho","3"
201200,43963,"Cristiano Ronaldo","4"
212413,43888,"Aymen Mathlouthi","1"
214876,43901,"Bryan Ruiz","3"
215285,43911,"Guillermo Ochoa","1"
216814,43969,"Sergio Ramos","2"
216820,43969,"Raúl Albiol","2"
228537,43922,"Papu Gomez","3"
228912,43948,"Manuel Neuer","1"
229397,43922,"Lionel Messi","4"
229498,43930,"Fernando Muslera","1"
235097,43860,"Mubarak Wakaso","3"
236530,43901,"Celso Borges","3"
236536,43901,"Kendall Waston","2"
238112,43911,"Hector Moreno","2"
241559,43938,"Luka Modric","3"
251352,43911,"Andres Guardado","3"
254090,43960,"Remko Pasveer","1"
254133,43946,"Steve Mandanda","1"
266800,43922,"Angel Di Maria","3"
267750,43899,"Steven Vitoria","2"
267829,43930,"Martin Caceres","2"
267834,43930,"Edinson Cavani","4"
268714,43911,"Rodolfo Cota","1"
268832,43901,"Esteban Alvarado","1"
269695,43962,"Kamil Glik","2"
269706,43962,"Kamil Grosicki","3"
269735,43962,"Grzegorz Krychowiak","3"
269746,43962,"Wojciech Szczesny","1"
269768,43963,"Rui Patricio","1"
270149,43901,"Bryan Oviedo","2"
270775,43930,"Luis Suarez","4"
270895,43962,"Artur Jedrzejczyk","2"
270948,43969,"Cesar Azpilicueta","2"
271253,43819,"Maya Yoshida","2"
273798,43888,"Youssef Msakni","4"
273996,43935,"Eden Hazard","3"
274008,43935,"Christian Benteke","4"
274179,43948,"Kevin Trapp","1"
274281,43822,"Kim Seung-gyu","1"
275931,43963,"Pepe","2"
278388,43941,"Kasper Schmeichel","1"
284087,43834,"Saad Al Sheeb","1"
284190,43834,"Hassan Al-Haydos","4"
288961,43817,"Ehsan Hajisafi","2"
289964,43924,"Thiago Silva","2"
290821,43935,"Axel Witsel","3"
290864,43935,"Toby Alderweireld","2"
290904,43935,"Jan Vertonghen","2"
290931,43849,"Nicolas Nkoulou","2"
291372,43819,"Yuto Nagatomo","2"
294620,43860,"Andre Ayew","4"
297103,43946,"Karim Benzema","4"
297105,43946,"Hugo Lloris","1"
298698,1902465,"Dusan Tadic","3"
298738,43935,"Simon Mignolet","1"
299601,43974,"Wayne Hennessey","1"
299606,43974,"Chris Gunter","2"
299610,43974,"Gareth Bale","4"
299617,43974,"Aaron Ramsey","3"
299688,43962,"Robert Lewandowski","4"
299896,43938,"Domagoj Vida","2"
303034,43969,"Sergio Busquets","3"
303419,43927,"Alexander Dominguez","1"
305382,43930,"Sebastian Coates","2"
305832,43921,"Sean Johnson","1"
306226,43888,"Bilel Ifa","2"
306426,43976,"Andrew Redmayne","1"
306444,43976,"Rhyan Grant","2"
306504,43942,"Kieran Trippier","2"
306634,43860,"Jonathan Mensah","2"
306954,43969,"Jordi Alba","2"
307020,43901,"Ricardo Blanco","2"
307529,43901,"Joel Campbell","4"
307541,43901,"Yeltsin Tejeda","3"
307719,43819,"Gaku Shibasaki","3"
307803,43822,"Kim Jin-su","2"
307849,43822,"Son Heung-min","4"
308300,43922,"Damian Martinez","1"
308322,43922,"Nicolas Tagliafico","2"
308370,43924,"Alisson","1"
308386,43924,"Casemiro","3"
309300,43948,"Bernd Leno","1"
309302,43948,"Marc-Andre Ter Stegen","1"
309316,43948,"Mario Goetze","3"
309962,43941,"Simon Kjaer","2"
310116,43922,"Nicolas Otamendi","2"
311554,43971,"Haris Seferovic","4"
311558,43971,"Granit Xhaka","3"
312252,43976,"Aaron Mooy","3"
312316,43849,"Eric Maxim Choupo-Moting","4"
312432,43938,"Dejan Lovren","2"
312987,43901,"Oscar Duarte","2"
313021,43960,"Stefan De Vrij","2"
313410,43969,"Koke","3"
313416,43969,"Pablo Sarabia","3"
313559,43971,"Ricardo Rodriguez","2"
314197,43924,"Neymar","4"
314249,43817,"Morteza Pouraliganji","2"
314273,43969,"Sergi Roberto","2"
314291,43969,"Alvaro Morata","4"
314467,43948,"Kevin Volland","4"
314728,43822,"Hwang Ui-jo","4"
314918,43911,"Jesús Manuel Corona","3"
318483,43941,"Daniel Wass","3"
319432,43960,"Daley Blind","2"
319442,43960,"Luuk De Jong","4"
319460,43971,"Yann Sommer","1"
319468,43971,"Fabian Frei","3"
321653,43971,"Xherdan Shaqiri","3"
321697,43976,"Mathew Leckie","4"
321716,43941,"Christian Eriksen","3"
321722,43948,"Thomas Mueller","4"
321734,43911,"Alfredo Talavera","1"
323698,43849,"Vincent Aboubakar","4"
329092,43911,"Hector Herrera","3"
329721,43888,"Taha Khenissi","4"
329912,43822,"Noh Hong-Chul","2"
330659,43817,"Karim Ansarifard","4"
330913,43835,"Nawaf Al Abid","3"
331149,43976,"Milos Degenek","2"
331170,43819,"Takumi Minamino","3"
331732,43901,"Leonel Moreira","1"
331735,43899,"Samuel Piette","3"
331871,43921,"Kellyn Perry-Acosta","3"
332314,43879,"Idrissa Gana Gueye","3"
332643,43888,"Ali Maaloul","2"
332827,43927,"Carlos Gruezo","3"
332847,43922,"Leandro Paredes","3"
332946,43924,"Marquinhos","2"
332979,43922,"German Pezzella","2"
333004,43911,"Rogelio Gabriel Funes Mori","4"
335656,43924,"Danilo","2"
335658,43924,"Alex Sandro","2"
335999,43969,"Aymeric Laporte","2"
336022,43942,"Jordan Pickford","1"
336024,43942,"James Ward-Prowse","3"
336043,43942,"Raheem Sterling","4"
336088,43960,"Nathan Ake","2"
336098,43960,"Memphis Depay","4"
336126,43941,"Christian Norgaard","3"
336128,43941,"Pierre-Emile Hojbjerg","3"
336133,43941,"Yussuf Yurary Poulsen","4"
336393,1902465,"Predrag Rajkovic","1"
336435,43946,"Antoine Griezmann","4"
336450,43942,"Luke Shaw","2"
336472,43938,"Andrej Kramaric","4"
336505,43963,"Danilo","2"
336523,43927,"Ayrton Preciado","4"
336707,43911,"Nestor Araujo","2"
336862,43927,"Fernando Gaibor","3"
337175,43969,"Rodrigo","4"
337196,43930,"Matias Vecino","3"
339117,43976,"Mathew Ryan","1"
339118,43976,"Trent Sainsbury","2"
339470,43835,"Fahad Al-Muwallad","4"
339474,43835,"Abdullah Otayf","3"
339480,43835,"Fawaz Al-Qarni","1"
339485,43835,"Hatan Bahbri","4"
339510,43921,"Tim Ream","2"
339594,43899,"Milan Borjan","1"
339745,43835,"Salem Aldawsari","4"
339797,43901,"Francisco Calvo","2"
339820,43879,"Kalidou Koulibaly","2"
339987,43938,"Mateo Kovacic","3"
344547,43924,"Roberto Firmino","4"
344646,43922,"Roberto Pereyra","3"
345059,43834,"Abdulaziz Hatem","3"
345129,43872,"Abd Al Razke Hamdalah","4"
346735,43817,"Omid Ebrahimi","3"
346743,43817,"Shojae Khalilzadeh","2"
347695,43899,"Doneil Henry","2"
347718,43819,"Genki Haraguchi","3"
349342,43976,"Aziz Behich","2"
350003,43819,"Hiroki Sakai","2"
351121,43834,"Ali Assadalla","3"
351129,43834,"Abdelkarim Hassan","2"
352394,43948,"Marco Reus","3"
352891,43835,"Salman Al-Faraj","3"
353205,43872,"Younes Belhanda","3"
353235,43860,"Jordan Ayew","4"
353251,43834,"Ahmed Alaaeldin","4"
353765,43879,"Cheikhou Kouyate","3"
353790,43879,"Sadio Mane","4"
353835,43899,"Lucas Cavallini","4"
354861,43834,"Karim Boudiaf","3"
355775,43976,"Jackson Irvine","3"
356189,43942,"Jordan Henderson","3"
356411,43971,"Fabian Schar","2"
356412,43971,"Silvan Widmer","2"
356415,43971,"Steven Zuber","3"
356534,43822,"Jung Woo-young","3"
356535,43822,"Kim Tae-hwan","2"
356731,43911,"Raul Jimenez","4"
356750,43942,"Kyle Walker","2"
356751,43974,"Joe Allen","3"
356801,43879,"Famara Diedhiou","4"
356956,43872,"Yassine Bounou","1"
358015,43946,"Olivier Giroud","4"
358106,43935,"Thibaut Courtois","1"
358112,43935,"Romelu Lukaku","4"
358114,43935,"Dries Mertens","4"
358116,43860,"Denis Odoi","2"
358118,43935,"Dedryck Boyata","2"
358120,43935,"Kevin De Bruyne","3"
358122,43935,"Thomas Meunier","2"
358302,43941,"Jannik Vestergaard","2"
358690,43948,"Ilkay Gundogan","3"
358692,43948,"Julian Draxler","3"
358738,43960,"Jasper Cillessen","1"
358844,1902465,"Stefan Mitrovic","2"
358848,1902465,"Filip Djuricic","3"
358856,1902465,"Filip Mladenovic","2"
358858,1902465,"Darko Lazovic","3"
359381,43938,"Ivan Perisic","3"
359440,43946,"Raphael Varane","2"
360039,43974,"Jonathan Williams","3"
360188,43941,"Andreas Cornelius","4"
360242,43974,"Ben Davies","2"
362447,43872,"Yahya Jabrane","3"
362819,43962,"Lukasz Skorupski","1"
362823,43962,"Arkadiusz Milik","4"
363578,43822,"Yong Lee","2"
364669,43888,"Wahbi Khazri","3"
364711,43860,"Richmond Boakye","4"
367536,43860,"Abdul Rahman Baba","2"
368587,43822,"Kwon Chang-hoon","3"
368649,43963,"Joao Cancelo","2"
368652,43930,"Giorgian De Arrascaeta","3"
368655,43930,"Jose Gimenez","2"
368660,43930,"Guillermo Varela","2"
368664,43930,"Sergio Rochet","1"
368689,43963,"Jose Sa","1"
368700,43963,"Joao Mario","3"
368840,43946,"Alphonse Areola","1"
368848,43879,"Youssouf Sabaly","2"
368860,43946,"Lucas Digne","2"
368866,43946,"Jordan Veretout","3"
368885,43860,"Richard Ofori","1"
368888,43976,"Joshua Brillante","3"
368899,43976,"Jamie Maclaren","4"
368902,43976,"Adam Taggart","4"
368950,43849,"Devis Epassy","1"
368971,43921,"Zack Steffen","1"
368973,43921,"DeAndre Yedlin","2"
368991,43921,"Jordan Morris","4"
369029,43938,"Dominik Livakovic","1"
369042,43938,"Marko Livaja","4"
369089,43860,"Thomas Partey","3"
369097,43921,"Walker Zimmerman","2"
369110,43969,"Kepa Arrizabalaga","1"
369128,43969,"Jose Luis Gaya","2"
369248,43860,"Daniel Amartey","2"
369398,43942,"Conor Coady","2"
369400,43942,"Eric Dier","2"
369419,43942,"Harry Kane","4"
369434,43942,"John Stones","2"
370435,43962,"Bartosz Bereszynski","2"
370436,43962,"Piotr Zielinski","3"
370456,1902465,"Aleksandar Mitrovic","4"
370575,43888,"Ferjani Sassi","3"
370986,43899,"Jonathan Osorio","3"
371553,43872,"Ahmed Tagnaouti","1"
371658,43817,"Sadegh Moharrami","2"
371663,43817,"Ali Gholizadeh","3"
371670,43930,"Lucas Torreira","3"
371736,43817,"Saeid Ezatolahi","3"
371958,43899,"Derek Cornelius","2"
372074,43942,"Ben Chilwell","2"
372090,43911,"Orbelin Pineda","4"
372114,43872,"Amine Harit","3"
372266,43872,"Sofyan Amrabat","3"
372325,43888,"Mohamed Drager","2"
372420,43938,"Ivo Grbic","1"
372424,43938,"Duje Ćaleta-Car","2"
372855,43941,"Thomas Delaney","3"
372857,43941,"Martin Braithwaite","4"
373232,43962,"Mateusz Klich","3"
373315,43935,"Koen Casteels","1"
373400,43927,"Enner Valencia","4"
375393,43974,"Harry Wilson","3"
375512,43969,"Thiago","3"
375538,1902465,"Andrija Zivkovic","3"
375754,43822,"Kim Young-gwon","2"
376349,43963,"William","3"
378834,43935,"Thorgan Hazard","3"
378835,43935,"Michy Batshuayi","4"
379165,43976,"Bailey Wright","2"
379736,43948,"Matthias Ginter","2"
379881,43960,"Davy Klaassen","3"
379886,43817,"Alireza Jahanbakhsh","3"
379887,43817,"Sardar Azmoun","4"
379911,43935,"Divock Origi","4"
379953,43948,"Leon Goretzka","3"
379955,43948,"Antonio Rudiger","2"
379973,43860,"Jeffrey Schlupp","3"
380000,43938,"Marcelo Brozovic","3"
380005,43938,"Mario Pasalic","3"
380007,43817,"Ali Beiranvand","1"
380048,43969,"Dani Carvajal","2"
380053,43927,"Angel Mena","3"
380790,43822,"Jeong Wooyeong","3"
382739,43969,"Marcos Llorente","3"
384751,43963,"Gonçalo Guedes","4"
384752,43963,"Ruben Dias","2"
384756,43963,"Andre Silva","4"
384772,43963,"Joao Palhinha","3"
384795,43817,"Vahid Amiri","3"
384797,43817,"Ramin Rezaeian","2"
385067,43834,"Boualem Khoukhi","2"
385068,43834,"Ismail Mohamad","2"
385070,43834,"Mohammed Muntari","4"
385343,43922,"Ángel Correa","4"
385536,1902465,"Luka Jovic","4"
385537,1902465,"Marko Grujic","3"
385538,1902465,"Vanja Milinkovic","1"
385544,1902465,"Nemanja Maksimovic","3"
385545,1902465,"Sergej Milinkovic-Savic","3"
385844,1902465,"Srdan Babic","2"
385852,1902465,"Milos Veljkovic","2"
385878,43860,"Joseph Aidoo","2"
385893,1902465,"Nemanja Radonjic","3"
385917,43921,"Ethan Horvath","1"
385937,43921,"Shaquell Moore","2"
385941,43921,"Cameron Carter-Vickers","2"
385947,43948,"Julian Brandt","3"
385987,43921,"Erik Palmer-Brown","2"
385994,43921,"Cristian Roldan","3"
386262,43879,"Pape Abou Cisse","2"
386265,43879,"Mamadou Ndiaye","3"
386295,43963,"Otavio","3"
386332,43911,"Erick Gutierrez","3"
386337,43911,"Hirving Lozano","4"
386347,43834,"Akram Afif","4"
386348,43834,"Assim Madibo","3"
386356,43834,"Yousof Hassan","1"
386366,43834,"Almoez Ali","4"
386380,43834,"Salem Al Hajri","3"
386385,43834,"Tarek Salman","2"
386413,43948,"Joshua Kimmich","3"
386415,43834,"Bassam Hisham","2"
386417,43834,"Abdelrahman Moustafa","3"
386473,43860,"Lawrence Ati","1"
386538,43930,"Rodrigo Bentancur","3"
386559,43924,"Gabriel Jesus","4"
388475,43817,"Mehdi Taremi","4"
389485,43922,"Exequiel Palacios","3"
389539,43976,"Kye Rowles","2"
389558,43935,"Wout Faes","2"
389617,43924,"Eder Militao","2"
389723,43901,"Patrick Sequeira","1"
389733,43938,"Josip Brekalo","4"
389740,43938,"Martin Erlic","2"
389765,43938,"Borna Sosa","2"
389775,43927,"Byron Castillo","2"
389782,43927,"Pervis Estupinan","2"
389784,43927,"Alan Franco","3"
389799,43927,"Diego Jose Palacios Espinoza","2"
389867,43946,"Kylian Mbappe","4"
389876,43946,"Dayotchanculle Upamecano","2"
389903,43971,"Philipp Koehn","1"
390091,43822,"Yoon Jong-gyu","2"
390238,43921,"Tyler Adams","3"
390247,43921,"Luca De La Torre","3"
390259,43921,"Weston McKennie","3"
390267,43921,"Christian Pulisic","3"
390276,43921,"Haji Wright","4"
390525,43822,"Lee Jae-sung","3"
390534,43817,"Mohammad Kanaani","2"
390535,43817,"Mahdi Torabi","3"
390537,43817,"Milad Mohammadi","2"
390541,43819,"Shogo Taniguchi","2"
390670,43899,"Cyle Larin","4"
390761,43942,"Trent Alexander-Arnold","2"
390796,43899,"Ike Ugbo","4"
391312,43872,"Munir El-Haddadi","4"
391646,43819,"Ritsu Doan","4"
391705,43819,"Takuma Asano","4"
392490,43822,"Kwon Kyun-gwon","2"
392671,43922,"Guido Rodriguez","3"
392850,43899,"Junior Hoilett","4"
392905,43922,"Paulo Dybala","4"
393480,43971,"Breel Embolo","4"
394018,43924,"Fred","3"
394456,43924,"Fabinho","3"
394776,43927,"Robert Arboleda","2"
394824,43922,"Geronimo Rulli","1"
395032,43899,"Sam Adekugbe","2"
395083,43822,"Hwang Hee-chan","3"
395084,43822,"Hwang In-beom","3"
395088,43822,"Kim Min-jae","2"
395205,43963,"Bernardo Silva","3"
395206,43963,"Bruno Fernandes","3"
395213,43963,"Raphael Guerreiro","2"
395214,43963,"Renato Sanches","3"
395215,43963,"Ricardo Horta","4"
395216,43963,"Ruben Neves","3"
395318,43819,"Wataru Endo","3"
395321,43819,"Junya Ito","4"
395353,43901,"Ronald Matarrita","2"
395354,43901,"Johan Venegas","4"
395414,43922,"Giovani Lo Celso","3"
395416,43922,"Joaquin Correa","4"
395427,43924,"Ederson","1"
395443,43941,"Joachim Andersen","2"
395455,43941,"Jens Stryger Larsen","2"
395460,43941,"Robert Skov","4"
395473,43948,"Niclas Fullkrug","4"
395475,43948,"Serge Gnabry","4"
395477,43948,"Christian Ginter","2"
395481,43948,"Thilo Kehrer","2"
395488,43948,"Niklas Sule","2"
395516,43911,"Cesar Montes","2"
395755,43872,"Monir El Kajoui","1"
395759,43872,"Hakim Ziyech","3"
395998,43888,"Meriah Yassine","2"
395999,43888,"Hamza Mathlouthi","2"
396315,43924,"Weverton","1"
396882,43817,"Ali Karimi","3"
396885,43835,"Mohammed Al-Owais","1"
397753,43822,"Jo Hyeon-woo","1"
397786,43960,"Virgil Van Dijk","2"
397857,43835,"Mohammed Alburayk","2"
397870,43834,"Musaab Khidir","2"
398422,43922,"Franco Armani","1"
398509,43971,"Nico Elvedi","2"
398510,43971,"Renato Steffen","2"
398511,43963,"José Fonte","2"
398546,1902465,"Matija Nastasić","2"
398567,43960,"Vincent Janssen","4"
398568,43960,"Steven Berghuis","4"
398599,43872,"Roman Saiss","2"
398653,43935,"Yannick Carrasco","3"
398680,43946,"Ousmane Dembele","4"
400511,43819,"Kou Itakura","2"
400514,43819,"Ao Tanaka","3"
400634,43911,"Edson Alvarez","3"
400715,43969,"Marco Asensio","3"
400721,43872,"Achraf Hakimi","2"
401035,43974,"Danny Ward","1"
401176,1902465,"Nemanja Gudelj","3"
401177,1902465,"Marko Dmitrovic","1"
401178,1902465,"Filip Kostic","3"
401204,43922,"Marcos Acuna","2"
401277,43962,"Karol Linetty","3"
401281,43941,"Andreas Christensen","2"
401283,43941,"Frederik Ronnow","1"
401378,43948,"Jonathan Tah","2"
401415,43974,"Adam Davies","1"
401444,43935,"Youri Tielemans","3"
401448,43971,"Denis Zakaria","3"
401459,43946,"Presnel Kimpembe","2"
401460,43946,"Kingsley Coman","3"
401470,43942,"Marcus Rashford","4"
401739,43971,"Edimilson Fernandes","2"
401787,43849,"Karl Toko Ekambi","4"
401788,43849,"Andre Onana","1"
401789,43849,"Collins Fai","2"
401885,43872,"Youssef En Nesyri","4"
401889,43879,"Ismaila Sarr","4"
401925,43976,"James Jeggo","3"
401926,43976,"Craig Goodwin","4"
402015,43935,"Leander Dendoncker","3"
402021,43971,"Remo Freuler","3"
402044,43960,"Marten De Roon","3"
402047,43946,"Adrien Rabiot","3"
402096,43941,"Kasper Dolberg","4"
402215,43849,"Christian Bassogog","4"
402235,43888,"Naim Sliti","4"
402255,43872,"Sofiane Boufal","3"
402281,43860,"Andy Yiadom","2"
402772,43911,"Jesus Gallardo","2"
402817,43822,"Paik Seung-ho","3"
402820,43822,"Song Bum-keun","1"
402876,43930,"Agustin Canobbio","3"
402884,43930,"Federico Valverde","3"
402890,43930,"Jose Luis Rodriguez","2"
402893,43930,"Mathias Olivera","2"
402895,43930,"Diego Godin","2"
402898,43930,"Nicolas De La Cruz","3"
402918,43922,"Juan Foyth","2"
402920,43922,"Lautaro Martinez","4"
402921,43922,"Lisandro Martinez","2"
402925,43922,"Nahuel Molina","2"
402926,43922,"Gonzalo Montiel","2"
402966,43901,"Gerson Torres","4"
402974,43927,"Angelo Preciado","2"
402979,43927,"Felix Torres","2"
403001,43963,"Diogo Costa","1"
403002,43963,"Diogo Dalot","2"
403062,43942,"Fikayo Tomori","2"
403098,43946,"Christopher Nkunku","4"
403109,43946,"Marcus Thuram","4"
403248,43817,"Majid Hosseini","2"
403274,43819,"Hiroki Ito","2"
403287,43819,"Yuta Nakayama","2"
403289,43819,"Takehiro Tomiyasu","2"
403302,43819,"Reo Hatate","3"
403304,43819,"Takefusa Kubo","4"
403312,43835,"Nasser Al-Dawsari","2"
403319,43835,"Abdulelah Al-Amri","2"
403327,43835,"Sami Al-Najei","3"
403335,43835,"Hassan Al-Tambakti","2"
403337,43835,"Mohammed Alyami","1"
403565,43921,"Josh Sargent","4"
403585,43911,"Roberto Alvarado","4"
403586,43911,"Uriel Antuna","4"
403587,43911,"Gerardo Arteaga","2"
403596,43911,"Jorge Sanchez","2"
403642,43879,"Krepin Diatta","4"
404275,43927,"Michael Estrada","4"
404319,43976,"Ajdin Hrustic","3"
404320,43976,"Fran Karacic","2"
404321,43976,"Riley Mcgree","3"
404351,43948,"Jonas Hofmann","3"
404353,43948,"Leroy Sane","3"
404357,43948,"Timo Werner","4"
404381,43849,"Andre-Frank Zambo Anguissa","3"
404382,43849,"Nicolas Ngamaleu","4"
404383,43849,"Jean-Charles Castelletto","2"
404386,43849,"Jean-Pierre Nsame","4"
404560,43960,"Matthijs De Ligt","2"
404631,1902465,"Sasa Lukic","3"
405178,43971,"Manuel Akanji","2"
405256,43974,"Daniel James","3"
405258,43974,"Tom Lockyer","2"
405527,43819,"Ayumu Seko","2"
405532,43819,"Kosei Tani","1"
405545,43969,"Ferran Torres","4"
405546,43969,"Hugo Guillamon","2"
405562,43969,"Eric Garcia","2"
405717,43924,"Antony","3"
405739,43924,"Rodrygo","4"
405742,43924,"Vinicius Jr","4"
405759,43921,"Jesus Ferreira","4"
405811,43901,"Anthony Contreras","4"
405813,43901,"Orlando Galo","3"
405824,43901,"Daniel Chacon","3"
405836,43942,"Philip Foden","3"
405837,43942,"Conor Gallagher","3"
405841,43942,"Marc Guehi","2"
405893,43946,"Aurelien Tchouameni","3"
405953,43860,"Danlad Ibrahim","1"
405961,43860,"Mohammed Kudus","3"
406138,43911,"Diego Lainez","3"
406280,43921,"Sergino Dest","2"
406304,43921,"Tim Weah","4"
406595,43817,"Roozbeh Cheshmi","2"
406606,43976,"Awer Mabil","3"
406669,43962,"Tomasz Kedziora","2"
406709,43974,"Ethan Ampadu","2"
406973,43938,"Borna Barisic","2"
406995,43962,"Jan Bednarek","2"
407122,43872,"Jawad El Yamiq","2"
407141,43888,"Chaaleli Ghaylen","3"
407175,43849,"Nouhou Tolo","2"
407377,43927,"Romario Ibarra","3"
407381,43927,"Xavier Arreaga","2"
407384,43930,"Maximiliano Gomez","4"
407498,43942,"Harry Maguire","2"
407983,43835,"Ali Albulayhi","2"
407993,43835,"Mohamed Kanno","3"
408042,43946,"Theo Hernandez","2"
408889,43872,"Achraf Dari","2"
408940,43879,"Alfred Gomis","1"
408996,43872,"Benoun Badr","2"
409191,43938,"Nikola Vlasic","3"
411224,43971,"Kevin Mbabu","2"
411226,43971,"Mohameth Sow","3"
411291,43941,"Mathias Jensen","3"
411350,43901,"Juan Pablo Vargas","2"
411367,43948,"Kai Havertz","4"
411374,43969,"Marcos Alonso","2"
411375,43969,"Rodri","3"
411376,43860,"Inaki Williams","4"
411414,43822,"Son Jun-ho","3"
411443,43935,"Timothy Castagne","2"
411470,43946,"Lucas Hernandez","2"
411471,43946,"Benjamin Pavard","2"
411481,43962,"Przemyslaw Frankowski","3"
411484,43962,"Krzysztof Piatek","4"
411485,43962,"Sebastian Szymanski","3"
411486,43962,"Szymon Zurkowski","3"
411626,43835,"Haroune Camara","4"
411643,43817,"Amir Abedzadeh","1"
411644,43817,"Saman Ghoddos","3"
411653,43888,"Dylan Bronn","2"
411654,43888,"Hassen Mouez","1"
411656,43888,"Saif-Eddine Khaoui","3"
411658,43888,"Ellyes Skhiri","3"
411678,43872,"Ayoub El Kaabi","4"
411680,43872,"Noussair Mazraoui","2"
411726,43924,"Lucas Paqueta","3"
412144,43899,"Alphonso Davies","2"
416051,43834,"Pedro Miguel","2"
416056,43834,"Meshaal Barsham","1"
416081,43922,"Julian Alvarez","4"
416591,43888,"Mohamed Ali Ben Romdhane","3"
417003,43817,"Ahmad Noorollahi","3"
418490,43822,"Lee Kangin","3"
418535,43963,"Joao Felix","4"
418550,43963,"Rafael Leao","4"
418671,43962,"Tymoteusz Puchacz","2"
418674,43962,"Michal Skoras","3"
418687,43962,"Nicola Zalewski","3"
418772,43879,"Formose Mendy","2"
418781,43879,"Cheikh Dieng","4"
418795,43879,"Nicolas Jackson","4"
418798,43879,"Pape Sarr","3"
418975,43922,"Thiago Almada","3"
419002,43927,"Moises Ramirez","1"
419003,43927,"Jackson Porozo","2"
419008,43927,"Jose Cifuentes","3"
419009,43927,"Leonardo Campana","4"
419020,43927,"Gonzalo Plata","3"
419055,43921,"Brenden Aaronson","3"
419062,43921,"Chris Richards","2"
419068,43921,"Giovanni Reyna","4"
419082,43921,"Ricardo Pepi","4"
419101,43930,"Ronald Araujo","2"
419126,43930,"Darwin Nunez","4"
419137,43930,"Facundo Torres","4"
419162,43946,"Youssouf Fofana","2"
419164,43946,"Matteo Guendouzi","3"
419166,43946,"Ibrahima Konate","2"
419171,43849,"Bryan Mbeumo","4"
419177,43946,"William Saliba","2"
419281,43835,"Saud Abdulhamid","2"
419287,43835,"Nawaf Alaqidi","1"
419291,43835,"Feras Albrikan","4"
419441,43834,"Homam Ahmed","2"
419449,43834,"Mohammed Waad","3"
419473,43834,"Jassem Gaber","3"
419475,43834,"Naif Abdulraheem","3"
419506,43911,"Kevin Alvarez","2"
422657,43960,"Frenkie De Jong","3"
423630,43969,"Ansu Fati","4"
423646,43969,"Pedri Gonzalez","3"
423658,43969,"Yeremy Pino","4"
423700,43921,"Joseph Scally","2"
424031,43927,"Piero Hincapie","2"
424074,43960,"Kenneth Taylor","3"
424207,43849,"Brady Ngapandouetnbu","1"
425532,43834,"Mostafa Tarek Meshaal","3"
425616,43888,"Mohamed Sedki Debchi","1"
425636,43974,"Neco Williams","2"
425701,43911,"Johan Vasquez","2"
425702,43911,"Carlos Rodriguez","3"
425732,43924,"Everton Ribeiro","3"
425804,43835,"Saleh Alshehri","4"
428882,43922,"Rodrigo De Paul","3"
428885,43927,"Moises Caicedo","3"
428904,43927,"Jhegson Mendez","3"
429642,43948,"Jamal Musiala","3"
429920,43924,"Richarlison","4"
430069,1902465,"Nikola Milenkovic","2"
430070,43938,"Ante Budimir","4"
430138,43899,"Tajon Buchanan","3"
430170,43835,"Abdulelah Almalki","3"
430176,43960,"Ryan Gravenberch","3"
430180,43974,"Connor Roberts","2"
430193,43941,"Jonas Wind","4"
430387,43822,"Cho Gue-sung","4"
430395,43822,"Songa Minkyu","3"
430405,43819,"Yuki Soma","4"
430407,43819,"Daizen Maeda","4"
430413,43819,"Ayase Ueda","4"
430414,43819,"Kaoru Mitoma","4"
430428,43976,"Thomas Deng","2"
430431,43976,"Martin Boyle","4"
430437,43976,"Cameron Devlin","3"
430442,43976,"Harry Souttar","2"
430444,43976,"Joel King","2"
430445,43976,"Nathaniel Atkinson","2"
430446,43976,"Keanu Baccus","3"
430502,43835,"Abdullah Madu","2"
430504,43835,"Ali Al-Hassan","3"
430594,43924,"Roger Ibanez","2"
430597,43924,"Gabriel Martinelli","4"
430600,43924,"Pedro Dos Santos","4"
430605,43924,"Bruno Guimaraes","3"
430609,43924,"Matheus Cunha","4"
430628,43922,"Alexis Mac Allister","3"
430631,43922,"Nicolas Gonzalez","4"
430657,43948,"David Raum","2"
430667,43948,"Nico Schlotterbeck","2"
430671,43879,"Ismail Jakobs","2"
430674,43948,"Karim-David Adeyemi","4"
430691,43946,"Eduardo Camavinga","3"
430696,43946,"Randal Kolo Muani","4"
430704,43946,"Axel Arthur Disasi","2"
430707,43946,"Jules Kounde","2"
430721,43969,"Pau Torres","2"
430728,43969,"Carlos Soler","3"
430736,43969,"Robert Lynch Sanchez","1"
430750,43969,"Dani Olmo","3"
430753,43969,"Unai Simon","1"
430763,43911,"Luis Romo","2"
430765,43911,"Henry Martin","4"
430766,43911,"Alexis Vega","4"
431196,43922,"Cristian Romero","2"
431325,43819,"Kyogo Furuhashi","4"
431696,43899,"Richie Laryea","2"
431697,43899,"Mark-Anthony Kaye","3"
431745,43976,"Mitch Duke","4"
431757,43835,"Yasser Al-Shahrani","2"
431788,43879,"Pape Gueye","3"
431887,43924,"Alex Telles","2"
431889,43924,"Gleison Bremer","2"
433097,43942,"Declan Rice","3"
433105,43962,"Karol Swiderski","4"
433123,43960,"Steven Bergwijn","3"
433126,43927,"Hernan Galindez","1"
433147,43971,"Michel Aebischer","3"
433180,43879,"Fode Ballo-Toure","2"
433182,43888,"Aissa Laidouni","3"
433195,43963,"Nuno Mendes","2"
433214,43942,"Kalvin Phillips","3"
433215,43962,"Damian Szymanski","3"
433217,43974,"Joseff Morrell","3"
433359,43888,"Bechir Ben Said","1"
433361,43888,"Anis Ben Slimane","3"
433362,43888,"Ali Abdi","2"
433365,43888,"Aymen Dahmen","1"
433367,43888,"Omar Rekik","2"
433371,43888,"Nader Ghandri","2"
433378,43888,"Hannibal Mejbri","3"
433380,43888,"Montassar Talbi","2"
433381,43888,"Seifeddine Jaziri","4"
433406,43834,"Khalid Muneer","4"
433426,43872,"Soufiane Rahimi","4"
433428,43872,"Yahya Attiat-Allah","2"
433436,43835,"Abdulrahman Alobud","4"
433635,43899,"Stephen Eustaquio","3"
433667,43938,"Josip Stanisic","2"
433669,43974,"Kieffer Moore","4"
433702,43860,"Alexander Djiku","2"
433710,43872,"Ilias Chair","3"
433759,43974,"Sorba Thomas","4"
433785,43962,"Adam Buksa","4"
433800,43819,"Hidemasa Morita","3"
433806,43879,"Edouard Mendy","1"
433807,43879,"Abdou Diallo","2"
433872,43924,"Raphinha","4"
436535,43835,"Haitham Asiri","4"
436595,43901,"Jewison Bennette","3"
436598,43921,"Yunus Musah","3"
436612,43960,"Denzel Dumfries","2"
436621,43888,"Wajdi Kechrida","2"
436635,43817,"Hossein Hosseini","1"
436691,43962,"Matty Cash","2"
436694,43942,"Tammy Abraham","4"
439641,43942,"Reece James","2"
439663,43942,"Mason Mount","3"
439953,43899,"Liam Fraser","3"
439954,43899,"Scott Kennedy","2"
439956,43930,"Facundo Pellistri","4"
439979,43901,"Keysher Fuller","2"
441052,43974,"Joe Rodon","2"
441054,43974,"Rhys Norrington-Davies","2"
441055,43974,"Ben Cabango","2"
441056,43974,"Dylan Levitt","3"
441058,43974,"Brennan Johnson","4"
441062,43974,"Rabbi Matondo","4"
441063,43974,"Mark Harris","4"
441064,43974,"Rubin Colwill","3"
441121,43819,"Daniel Schmidt","1"
441122,43819,"Miki Yamane","2"
441148,43963,"Matheus Nunes","3"
441149,43963,"Vitinha","3"
441219,43974,"Chris Mepham","2"
441236,43942,"Nick Pope","1"
441237,43927,"Jeremy Sarmiento","3"
441251,43921,"Antonee Robinson","2"
441252,43899,"Alistair Johnston","2"
441254,43899,"Kamal Miller","2"
441255,43899,"Dayne St. Clair","1"
441257,43899,"Jonathan David","4"
441258,43899,"Ismael Kone","3"
441259,43899,"Liam Millar","4"
441271,43921,"Aaron Long","2"
441293,43901,"Carlos Martinez","2"
441294,43901,"Brandon Aguilera","3"
441304,43872,"Nayef Aguerd","2"
441305,43872,"Samy Mmaee","2"
441306,43872,"Selim Amallah","3"
441307,43872,"Azzedine Ounahi","3"
441308,43872,"Ryan Mmaee","4"
441310,43872,"Abde Ezzalzouli","4"
441319,43879,"Nampalys Mendy","3"
441320,43879,"Moustapha Name","3"
441321,43879,"Boulaye Dia","4"
441322,43879,"Habib Diallo","4"
441333,43860,"Gideon Mensah","2"
441334,43860,"Abdul Manaf Nurudeen","1"
441338,43860,"Iddrisu Baba","3"
441339,43860,"Daniel-Kofi Kyereh","3"
441341,43860,"Elisha Owusu","3"
441342,43860,"Abdul Fatawu Issahaku","3"
441345,43860,"Osman Bukari","3"
441352,43849,"Gael Ondoua","3"
441354,43849,"Martin Hongla","3"
441356,43849,"Samuel Gouet","3"
441388,43888,"Issam Jebali","4"
441390,43849,"Olivier Mbaizo","2"
441399,43901,"Youstin Salas","3"
441400,43901,"Douglas Lopez","3"
441406,43849,"Pierre Kunde","3"
441407,43849,"Olivier Ntcham","3"
441418,43922,"Alejandro Garnacho","3"
441568,43962,"Krystian Bielik","3"
441570,43962,"Kamil Grabara","1"
441571,43962,"Mateusz Wieteska","2"
441623,43930,"Manuel Ugarte","3"
442408,43901,"Roan Wilson","3"
447853,43969,"David Raya","1"
447855,43969,"Nico Williams","4"
447866,43969,"Gavi","3"
447982,43930,"Sebastian Sosa","1"
448022,43976,"Jason Cummings","4"
448027,43976,"Garang Kuol","4"
448051,43911,"Luis Chavez","3"
448076,43963,"Antonio Silva","2"
448081,43963,"Goncalo Ramos","4"
448103,43971,"Fabian Rieder","3"
448106,43971,"Jonas Omlin","1"
448107,43971,"Gregor Kobel","1"
448120,43971,"Ardon Jashari","3"
448124,43971,"Christian Fassnacht","3"
448127,43971,"Noah Okafor","4"
448131,43971,"Ruben Vargas","4"
448136,43971,"Eray Coemert","2"
448141,43960,"Xavi Simons","3"
448142,43960,"Andries Noppert","1"
448146,43960,"Justin Bijlow","1"
448148,43960,"Jeremie Frimpong","2"
448149,43960,"Teun Koopmeiners","3"
448151,43960,"Mark Flekken","1"
448152,43960,"Cody Gakpo","4"
448153,43960,"Noa Lang","4"
448154,43960,"Tyrell Malacia","2"
448157,43960,"Guus Til","3"
448158,43960,"Jurrien Timber","2"
448159,43960,"Wout Weghorst","4"
448160,43938,"Luka Sucic","3"
448163,43938,"Mislav Orsic","4"
448164,43938,"Kristijan Jakic","3"
448165,43938,"Bruno Petkovic","4"
448171,43938,"Josip Sutalo","2"
448173,43938,"Josip Juranovic","2"
448180,43938,"Josko Gvardiol","2"
448181,43938,"Lovro Majer","3"
448186,43942,"James Maddison","3"
448187,43942,"Jarrod Bowen","3"
448191,43942,"Callum Wilson","4"
448193,43942,"Aaron Ramsdale","1"
448194,43942,"Ben White","2"
448196,43942,"Bukayo Saka","3"
448199,43942,"Jack Grealish","3"
448202,43942,"Jude Bellingham","3"
448217,43921,"Matt Turner","1"
448252,43922,"Enzo Fernandez","3"
448257,43835,"Ahmed Bamsaud","2"
448261,43835,"Awad Al-Nashri","3"
448264,43835,"Riyadh Sharahili","3"
448271,43901,"Alvaro Zamora","3"
448279,43901,"Anthony Hernandez","3"
448290,43927,"William Pacho","2"
448303,43927,"Djorkaeff Reasco","4"
448310,43927,"Kevin Rodriguez","4"
448341,43935,"Jeremy Doku","4"
448343,43935,"Hans Vanaken","3"
448346,43935,"Arthur Theate","2"
448355,43935,"Leandro Trossard","3"
448362,43935,"Charles De Ketelaere","4"
448364,43935,"Amadou Onana","3"
448368,43935,"Lois Openda","4"
448369,43935,"Zeno Debast","2"
448388,43899,"James Pantemis","1"
448400,43899,"David Wotherspoon","3"
448402,43899,"Joel Waterman","2"
448438,43941,"Oliver Christensen","1"
448447,43941,"Alexander Bah","2"
448452,43941,"Victor Nelsson","2"
448455,43941,"Andreas Skov Olsen","3"
448457,43941,"Philip Billing","3"
448464,43941,"Rasmus Kristensen","2"
448466,43941,"Morten Hjulmand","3"
448467,43941,"Joakim Maehle","2"
448469,43941,"Mikkel Damsgaard","3"
448471,43941,"Rasmus Hojlund","4"
448473,43941,"Jesper Lindstrom","3"
448488,43948,"Lukas Klostermann","2"
448492,43948,"Youssoufa Moukoko","4"
448494,43948,"Armel Bella Kotchap","2"
448506,43817,"Abolfazl Jalali","2"
448507,43817,"Payam Niazmand","1"
448513,43860,"Kamal Sowah","3"
448518,43860,"Salis Abdul Samed","3"
448519,43860,"Mohammed Salisu","2"
448522,43860,"Seidu Alidu","2"
448523,43860,"Kamaldeen Sulemana","3"
448531,43860,"Antoine Semenyo","4"
448532,43860,"Daniel Afriyie","3"
448536,43860,"Tariq Lamptey","2"
448557,43819,"Daichi Kamada","3"
448569,43819,"Shuto Machino","4"
448580,43822,"Kim Moon-hwan","2"
448582,43822,"Cho Yu-min","2"
448583,43822,"Na Sang-ho","3"
448591,43872,"Abdelhamid Sabiri","3"
448608,43872,"Zakaria Aboukhlal","4"
448610,43872,"Walid Cheddira","4"
448612,43872,"Bilal El Khannouss","3"
448621,43962,"Robert Gumny","2"
448625,43962,"Kamil Jozwiak","3"
448632,43962,"Jakub Kaminski","3"
448633,43962,"Bartlomiej Dragowski","1"
448638,43962,"Jakub Kiwior","2"
448672,43888,"Chaim El Djebali","3"
448736,43974,"Matt Smith","3"
448764,1902465,"Strahinja Erakovic","2"
448769,1902465,"Dusan Vlahovic","4"
448770,1902465,"Ivan Ilic","3"
448781,1902465,"Uros Racic","3"
448813,43879,"Demba Seck","4"
448815,43879,"Iliman Ndiaye","3"
448817,43879,"Noah Fadiga","2"
448821,43879,"Mory Diaw","1"
448822,43879,"Seny Dieng","1"
448825,43879,"Pathe Ciss","3"
448931,43849,"Christopher Wooh","2"
448933,43849,"Souaibou Marou","3"
448941,43849,"Georges-Kevin Nkoudou","3"
448946,43849,"Enzo Ebosse","2"
448957,43849,"Jerome Ngom Mbekeli","2"
452040,43872,"Anass Zaroury","3"
493019,43969,"Alejandro Balde","2"
666666,43938,"Ivusic","1"
777777,43835,"Alghannam","2"
888888,1902465,"Pavlovic","2"
999999,43930,"Matias","2"
1111152,43819,"Shuichi Gonda","1"
